<?xml version="1.0" encoding="UTF-8"?>
<configuration>
    <!-- 属性文件:在配置文件中找到对应的配置项 -->
    <springProperty scope="context" name="LOG_HOME" source="logging.file.path" defaultValue="logs"/>

    <!-- 彩色日志依赖的渲染类 -->
    <conversionRule conversionWord="clr" converterClass="org.springframework.boot.logging.logback.ColorConverter"/>
    <conversionRule conversionWord="wex"
                    converterClass="org.springframework.boot.logging.logback.WhitespaceThrowableProxyConverter"/>
    <conversionRule conversionWord="wEx"
                    converterClass="org.springframework.boot.logging.logback.ExtendedWhitespaceThrowableProxyConverter"/>
    <!-- 彩色日志格式 -->
    <property name="CONSOLE_LOG_PATTERN"
              value="${CONSOLE_LOG_PATTERN:-%clr(%d{yyyy-MM-dd HH:mm:ss.SSS}){yellow} %clr(${LOG_LEVEL_PATTERN:-%5p}){faint} %clr(${PID:- }){yellow} %clr(--){blue} %clr([%15.15t]){cyan} %clr(%-40.40logger{39}){cyan} %clr(:){faint} %m%n${LOG_EXCEPTION_CONVERSION_WORD:-%wEx}}"/>
   <property name="CONSOLE_LOG_PATTERN_ERROR"
              value="${CONSOLE_LOG_PATTERN_ERROR:-%clr(%d{yyyy-MM-dd HH:mm:ss.SSS}){yellow} %clr(${LOG_LEVEL_PATTERN:-%5p}){red} %clr(${PID:- }){yellow} %clr(--){red} %clr([%15.15t]){red} %clr(%-40.40logger{39}){red} %clr(:){faint} %m%n${LOG_EXCEPTION_CONVERSION_WORD:-%wEx}}"/>
   <property name="CONSOLE_LOG_PATTERN_WARN"
              value="${CONSOLE_LOG_PATTERN_WARN:-%clr(%d{yyyy-MM-dd HH:mm:ss.SSS}){yellow} %clr(${LOG_LEVEL_PATTERN:-%5p}){magenta} %clr(${PID:- }){yellow} %clr(--){magenta} %clr([%15.15t]){magenta} %clr(%-40.40logger{39}){magenta} %clr(:){faint} %m%n${LOG_EXCEPTION_CONVERSION_WORD:-%wEx}}"/>
   <property name="CONSOLE_LOG_PATTERN_DEBUG"
              value="${CONSOLE_LOG_PATTERN_DEBUG:-%clr(%d{yyyy-MM-dd HH:mm:ss.SSS}){yellow} %clr(${LOG_LEVEL_PATTERN:-%5p}){cyan} %clr(${PID:- }){yellow} %clr(--){green} %clr([%15.15t]){green} %clr(%-40.40logger{39}){green} %clr(:){faint} %m%n${LOG_EXCEPTION_CONVERSION_WORD:-%wEx}}"/>

    <!-- Console 输出设置 -->
    <appender name="console_INFO" class="ch.qos.logback.core.ConsoleAppender">
        <filter class="ch.qos.logback.classic.filter.LevelFilter">
            <level>INFO</level>
            <onMatch>ACCEPT</onMatch>
            <onMismatch>DENY</onMismatch>
        </filter>
        <encoder>
            <!--格式化输出：%d表示日期，%thread表示线程名，%-5level：级别从左显示5个字符宽度%msg：日志消息，%n是换行符-->
            <!--<pattern>%d{yyyy-MM-dd HH:mm:ss.SSS} [%thread] %-5level %logger{36} - %msg%n</pattern>-->
            <pattern>${CONSOLE_LOG_PATTERN}</pattern>
        </encoder>
    </appender>
<appender name="console_DEBUG" class="ch.qos.logback.core.ConsoleAppender">
    <filter class="ch.qos.logback.classic.filter.LevelFilter">
        <level>DEBUG</level>
        <onMatch>ACCEPT</onMatch>
        <onMismatch>DENY</onMismatch>
    </filter>
        <encoder>
            <!--格式化输出：%d表示日期，%thread表示线程名，%-5level：级别从左显示5个字符宽度%msg：日志消息，%n是换行符-->
            <!--<pattern>%d{yyyy-MM-dd HH:mm:ss.SSS} [%thread] %-5level %logger{36} - %msg%n</pattern>-->
            <pattern>${CONSOLE_LOG_PATTERN_DEBUG}</pattern>
        </encoder>
    </appender>
    <appender name="console_WARN" class="ch.qos.logback.core.ConsoleAppender">
        <filter class="ch.qos.logback.classic.filter.LevelFilter">
            <level>WARN</level>
            <onMatch>ACCEPT</onMatch>
            <onMismatch>DENY</onMismatch>
        </filter>
            <encoder>
                <!--格式化输出：%d表示日期，%thread表示线程名，%-5level：级别从左显示5个字符宽度%msg：日志消息，%n是换行符-->
                <!--<pattern>%d{yyyy-MM-dd HH:mm:ss.SSS} [%thread] %-5level %logger{36} - %msg%n</pattern>-->
                <pattern>${CONSOLE_LOG_PATTERN_WARN}</pattern>
            </encoder>
        </appender>
        <appender name="console_ERROR" class="ch.qos.logback.core.ConsoleAppender">
            <filter class="ch.qos.logback.classic.filter.LevelFilter">
                <level>ERROR</level>
                <onMatch>ACCEPT</onMatch>
                <onMismatch>DENY</onMismatch>
            </filter>
                <encoder>
                    <!--格式化输出：%d表示日期，%thread表示线程名，%-5level：级别从左显示5个字符宽度%msg：日志消息，%n是换行符-->
                    <!--<pattern>%d{yyyy-MM-dd HH:mm:ss.SSS} [%thread] %-5level %logger{36} - %msg%n</pattern>-->
                    <pattern>${CONSOLE_LOG_PATTERN_ERROR}</pattern>
                </encoder>
            </appender>
    <!-- 按照每天生成日志文件 -->
    <appender name="file" class="ch.qos.logback.core.rolling.RollingFileAppender">
        <rollingPolicy class="ch.qos.logback.core.rolling.TimeBasedRollingPolicy">
            <!--日志文件输出的文件名-->
            <fileNamePattern>${LOG_HOME}/oomall.%d{yyyy-MM-dd}.log</fileNamePattern>
            <!-- 日志文件保留天数 -->
            <MaxHistory>30</MaxHistory>
        </rollingPolicy>
        <encoder>
            <pattern>%d{yyyy-MM-dd HH:mm:ss.SSS} [%thread] %-5level %logger{36} - %msg%n</pattern>
        </encoder>
    </appender>



    <!-- 日志输出级别 -->
    <root level="INFO"> <!-- 此时debug级别的信息会被过滤 -->

        <appender-ref ref="console_INFO" />
        <appender-ref ref="console_WARN" />
        <appender-ref ref="console_ERROR" />
        <appender-ref ref="console_DEBUG" />
        <appender-ref ref="file" />
    </root>
</configuration>